{"productid":2,"buildid":"2042","main_pic":0,"screenshot":[{"screenshotid":0,"screenshothash":"87f222daae6ae3e96f68dac778e4c4f6","screenshottitle":"Interface","parentid":"2042"},{"screenshotid":1,"screenshothash":"4f090705d32be7d3d50380d3e8022651","screenshottitle":"boot up","parentid":"2042"},{"screenshotid":2,"screenshothash":"bd30ec0dd473498b6acedf5d9a20a351","screenshottitle":"interface(ega)","parentid":"2042"},{"screenshotid":3,"screenshothash":"485f3f62242b635206465e983c867e61","screenshottitle":"installation floppies","parentid":"2042"}]}