{"productid":1,"buildid":"2034","main_pic":0,"screenshot":[{"screenshotid":0,"screenshothash":"6346b312cab08aa9fb9ebff2ebe036b1","screenshottitle":"Interface","parentid":"2034"},{"screenshotid":1,"screenshothash":"b4e8376a5f4d27982e59359df3ca0872","screenshottitle":"main interface","parentid":"2034"},{"screenshotid":2,"screenshothash":"7a6b61f51aaf40be6a1fbc694d53fcb8","screenshottitle":"Paint","parentid":"2034"},{"screenshotid":3,"screenshothash":"0154676b34d929f4b86636bfc2ef6c2f","screenshottitle":"Program Information Editor","parentid":"2034"},{"screenshotid":4,"screenshothash":"92c2ea50369cd815f654260e076c49a9","screenshottitle":"Icon Editor","parentid":"2034"}]}