{"productid":1,"buildid":"1","main_pic":0,"screenshot":[{"screenshotid":0,"screenshothash":"8de7428b5588248e7de7f91e78eb8efa","screenshottitle":"Interface-cga","parentid":"1"},{"screenshotid":1,"screenshothash":"ebe5ba533424adbb9773098a7117419b","screenshottitle":"Install-cga-1","parentid":"1"},{"screenshotid":2,"screenshothash":"0ee72d53ff9be65f8eed32576c4f5869","screenshottitle":"install-cga-2","parentid":"1"},{"screenshotid":3,"screenshothash":"fcbaea557b1e9b7c1cc65ed1546148c5","screenshottitle":"install-cga-3","parentid":"1"},{"screenshotid":4,"screenshothash":"f907077d638631b0ea504bdc7797eb61","screenshottitle":"failed to read drive a-cga","parentid":"1"},{"screenshotid":5,"screenshothash":"84bfa39d0a5fb607817c49e53deee00a","screenshottitle":"font demo-cga","parentid":"1"},{"screenshotid":6,"screenshothash":"6535fdaff4c15416091135efd8a39d8b","screenshottitle":"interface-Hercules","parentid":"1"},{"screenshotid":7,"screenshothash":"9179be045d0a6ec2e8e9890c6d966900","screenshottitle":"end session-Hercules","parentid":"1"}]}